,name,std_type,from_bus,to_bus,length_km,r_ohm_per_km,x_ohm_per_km,c_nf_per_km,g_us_per_km,max_i_ka,df,parallel,type,in_service
0,ABHA4A-EXET41,,0,109,48.785,0.025516039766321615,0.3224269755047658,1.0,0.0,2.9993346476935447,1.0,1,,True
1,ABHA4A-LAGA41,,0,201,26.121,0.02554266681980016,0.3079208299835382,1.0,0.0,3.3587351901746287,1.0,1,,True
2,ABHA4B-EXET41,,1,109,49.051,0.025540763694929764,0.32243990948196777,1.0,0.0,1.8532943636373973,1.0,1,,True
3,ABHA4B-LAGA41,,1,201,26.121,0.02554266681980016,0.3079208299835382,1.0,0.0,1.8532943636373973,1.0,1,,True
4,ABTH21-COWT2A,,2,78,13.318,0.028562377984682384,0.30941629749211597,1.0,0.0,1.8454214054231348,1.0,1,,True
5,ABTH21-PYLE21,,2,292,35.388,0.03887246382954675,0.31035997371990504,1.0,0.0,1.8454214054231348,1.0,1,,True
6,ABTH21-TREM21,,2,397,46.451,0.03690811285010011,0.34829080644119603,1.0,0.0,1.3205575244723,1.0,1,,True
7,ABTH21-UPPB21,,2,402,26.996,0.03456854719217662,0.32008121573566456,1.0,0.0,1.8517197719945448,1.0,1,,True
8,ABTH21-UPPB22,,2,403,27.582,0.03413571350881009,0.3179145366543397,1.0,0.0,1.6207796643761776,1.0,1,,True
9,ALDW21-BRIN21,,3,37,17.961,0.06071557819720506,0.3211778297422193,1.0,0.0,1.2407782145677733,1.0,1,,True
10,ALDW21-WMEL21,,3,447,8.96,0.034520786830357135,0.3284116908482142,1.0,0.0,1.8517197719945448,1.0,1,,True
11,ALVE4A-INDQ41,,4,169,97.176,0.03492220301308965,0.318877088993167,1.0,0.0,1.8532943636373973,1.0,1,,True
12,ALVE4A-TAUN41,,4,369,73.293,0.025541320453522164,0.32243188299019004,1.0,0.0,1.8532943636373973,1.0,1,,True
13,ALVE4B-INDQ41,,5,169,97.294,0.03491273870947849,0.3188850288815343,1.0,0.0,1.8532943636373973,1.0,1,,True
14,ALVE4B-TAUN42,,5,370,73.298,0.02553957816038637,0.3224317171000573,1.0,0.0,1.8532943636373973,1.0,1,,True
15,AMEM4A-ECLA41,,6,99,35.315,0.029086790315729857,0.31832365850205296,1.0,0.0,2.758290910366874,1.0,1,,True
16,AMEM4A-IVER4A,,6,175,20.256,0.029067930489731438,0.31832543443917855,1.0,0.0,2.758290910366874,1.0,1,,True
17,AMEM4B-ECLA41,,7,99,35.315,0.029086790315729857,0.31832365850205296,1.0,0.0,2.7900451751643995,1.0,1,,True
18,AMEM4B-IVER4B,,7,176,20.256,0.029067930489731438,0.31832543443917855,1.0,0.0,2.7900451751643995,1.0,1,,True
19,AXMI41-CHIC4A,,8,61,39.5,0.015351898734177217,0.26770632911392406,1.0,0.0,3.7065887272747946,1.0,1,,True
20,AXMI41-EXET41,,8,109,36.184,0.017864249391996465,0.3057705063011276,1.0,0.0,3.7065887272747946,1.0,1,,True
21,BAGB21-MAGA21,,9,221,14.017999999999999,0.02346759523469824,0.2813953488372093,1.0,0.0,2.340892909040723,1.0,1,,True
22,BAGB21-SWAN21,,9,363,19.649,0.024054977352537022,0.2881978726652756,1.0,0.0,3.2499571508475684,1.0,1,,True
23,BARK21-REBR22,,10,301,10.879,0.028570525783619818,0.309409757330637,1.0,0.0,2.2695114212314094,1.0,1,,True
24,BARK22-REBR21,,11,300,10.854,0.02856665745347338,0.3094256725631104,1.0,0.0,2.366086375326363,1.0,1,,True
25,BARK41-CHUE4A,,12,65,13.654,0.024959718763732236,0.3080708949758313,1.0,0.0,4.399409050129896,1.0,1,,True
26,BARK41-CHUE4B,,12,66,13.654,0.024959718763732236,0.3080708949758313,1.0,0.0,4.399409050129896,1.0,1,,True
27,BARK41-WHAM41,,12,421,9.786000000000001,0.025505824647455544,0.31310034743511134,1.0,0.0,2.7554041590216443,1.0,1,,True
28,BARK41-WHAM41,,12,421,9.662,0.025667563651417924,0.31629062305940797,1.0,0.0,2.758290910366874,1.0,1,,True
29,BARK41-WTHU4A,,12,448,15.872,0.02913306451612903,0.3183467741935484,1.0,0.0,2.758290910366874,1.0,1,,True
30,BARK41-WTHU4B,,12,449,15.872,0.02913306451612903,0.3183467741935484,1.0,0.0,2.758290910366874,1.0,1,,True
31,BEDD21-CHSI21,,13,63,18.122,0.028377110694183867,0.30734914744509434,1.0,0.0,1.8517197719945448,1.0,1,,True
32,BEDD21-WIMB21,,13,440,9.468,0.032668594212082805,0.31270793726235746,1.0,0.0,1.7362497181853611,1.0,1,,True
33,BEDD22-CHSI21,,14,63,17.973,0.02848613197574139,0.3083402882100929,1.0,0.0,1.599785109138144,1.0,1,,True
34,BEDD23-WIMB2A,,15,441,9.082,0.03314110328121559,0.31817124532041396,1.0,0.0,1.952493637137105,1.0,1,,True
35,BEDD4A-ROWD42,,16,308,10.1,0.011247524752475249,0.2046732673267327,1.0,0.0,1.7508146908817468,1.0,1,,True
36,BEDD4B-ROWD41,,17,307,10.1,0.01093069306930693,0.201980198019802,1.0,0.0,1.7508146908817468,1.0,1,,True
37,BESW21-COVE21,,18,76,18.668,0.034555455860295695,0.3200734545746733,1.0,0.0,1.8517197719945448,1.0,1,,True
38,BESW21-COVE21,,18,76,18.668,0.034555455860295695,0.3200734545746733,1.0,0.0,1.8517197719945448,1.0,1,,True
39,BESW21-FECK21,,18,111,35.814,0.030090362707321155,0.3187466842575529,1.0,0.0,1.8517197719945448,1.0,1,,True
40,BESW21-OCKH21,,18,264,57.67,0.03039687012311427,0.3174492803884168,1.0,0.0,1.7194540739949344,1.0,1,,True
41,BICF41-SPLN41,,19,345,20.109,0.015197175394102142,0.28246058978566807,1.0,0.0,4.37631503936806,1.0,1,,True
42,BICF41-WALP41,,19,408,37.775,0.014189278623428194,0.27480608868299145,1.0,0.0,4.421059685219118,1.0,1,,True
43,BICF41-WBUR41,,19,419,65.55,0.014181540808543096,0.2748192219679634,1.0,0.0,4.5610671254627535,1.0,1,,True
44,BICF41-WBUR42,,19,420,65.55,0.014181540808543096,0.2748192219679634,1.0,0.0,4.5610671254627535,1.0,1,,True
45,BIRK21-CAPE21,,20,50,15.448,0.03441505372863801,0.334800216856551,1.0,0.0,1.8517197719945448,1.0,1,,True
46,BIRK21-CAPE21,,20,50,15.448,0.03441505372863801,0.334800216856551,1.0,0.0,1.8517197719945448,1.0,1,,True
47,BIRK21-LISD2A,,20,212,12.891,0.015898204173454347,0.1747042510278489,1.0,0.0,1.7152551629473278,1.0,1,,True
48,BISW21-FECK21,,21,111,22.83,0.03107150678931231,0.31909576215505914,1.0,0.0,1.8517197719945448,1.0,1,,True
49,BISW21-KITW21,,21,194,27.111,0.029400888938069417,0.3134235181291727,1.0,0.0,1.8517197719945448,1.0,1,,True
50,BISW21-KITW21,,21,194,24.226,0.02909374226038141,0.312913811607364,1.0,0.0,1.8517197719945448,1.0,1,,True
51,BISW21-PENN21,,21,278,30.172,0.030904688121437093,0.31897247447964994,1.0,0.0,2.1645386450412425,1.0,1,,True
52,BLYT21-STEW21,,22,354,26.779,0.041569886851637476,0.3929935770566489,1.0,0.0,1.3205575244723,1.0,1,,True
53,BLYT21-STEW21,,22,354,26.711,0.04159077720789188,0.39297480438770543,1.0,0.0,1.3205575244723,1.0,1,,True
54,BLYT21-TYNE21,,22,400,16.818,0.0333652931383042,0.321242121536449,1.0,0.0,2.7502867361823737,1.0,1,,True
55,BLYT21-TYNE2A,,22,401,16.866,0.033360014229811455,0.3212246531483458,1.0,0.0,2.7502867361823737,1.0,1,,True
56,BLYT41-MEDB4A,,23,228,26.756999999999998,0.02547370781477744,0.3073588219905072,1.0,0.0,3.0195419071101517,1.0,1,,True
57,BLYT41-MEDB4B,,23,229,27.125999999999998,0.025304136253041364,0.306362899063629,1.0,0.0,3.0195419071101517,1.0,1,,True
58,BODE41-PENM4A,,24,276,27.125999999999998,0.1,0.0055444960554449614,1.0,0.0,1.524204710281224,1.0,1,,True
59,BODE41-PENM4B,,24,277,27.125999999999998,0.1,0.00513160805131608,1.0,0.0,3.8898974376968734,1.0,1,,True
60,BOLN41-LOVE41,,25,218,64.774,0.0173649921264705,0.2782844968660265,1.0,0.0,4.236307599124424,1.0,1,,True
61,BOLN41-LOVE41,,25,218,64.774,0.0173649921264705,0.2782844968660265,1.0,0.0,3.999593988815598,1.0,1,,True
62,BOLN41-NINF41,,25,256,51.404,0.017368298186911522,0.278297408761964,1.0,0.0,4.236307599124424,1.0,1,,True
63,BOLN41-NINF41,,25,256,51.404,0.017368298186911522,0.278297408761964,1.0,0.0,4.236307599124424,1.0,1,,True
64,BOTW41-CHIL41,,26,62,7.479,0.014119534697152027,0.274903061906672,1.0,0.0,4.5610671254627535,1.0,1,,True
65,BOTW41-LOVE41,,26,218,14.672,0.014176663031624863,0.27480916030534347,1.0,0.0,4.5610671254627535,1.0,1,,True
66,BRAI4A-BRFO41,,27,32,48.267,0.014950172996042841,0.2756666045123997,1.0,0.0,3.7065887272747946,1.0,1,,True
67,BRAI4A-BULL41,,27,43,12.343,0.017370169326743904,0.27831159361581465,1.0,0.0,3.708032102947409,1.0,1,,True
68,BRAI4B-PELH41,,28,274,65.942,0.015771435503927695,0.2765581874981044,1.0,0.0,3.7065887272747946,1.0,1,,True
69,BRAI4B-RAYL41,,28,299,33.03,0.017341810475325462,0.27829246139872843,1.0,0.0,3.7065887272747946,1.0,1,,True
70,BRAW21-ELLA21,,29,102,16.883,0.034446262512586624,0.3195573950127348,1.0,0.0,1.599785109138144,1.0,1,,True
71,BRAW21-KIRK21,,29,192,21.826,0.02924379180793549,0.2962493127462659,1.0,0.0,1.599785109138144,1.0,1,,True
72,BRAW21-MONF21,,29,242,51.155,0.01735583031961685,0.278284625158831,1.0,0.0,2.340892909040723,1.0,1,,True
73,BRAW4A-PADI41,,30,271,59.3,0.020344013490725125,0.30545699831365936,1.0,0.0,3.391932830644769,1.0,1,,True
74,BRED21-MACC21,,31,219,19.612,0.029614521721395067,0.3133817943096064,1.0,0.0,1.8517197719945448,1.0,1,,True
75,BRED21-SMAN21,,31,342,15.633,0.02481649395509499,0.22271956758139833,1.0,0.0,1.816029028089888,1.0,1,,True
76,BRED21-STAL21,,31,349,15.054,0.0334068187857048,0.31864579181612857,1.0,0.0,2.1645386450412425,1.0,1,,True
77,BRFO41-LEIS4A,,32,210,42.357,0.017376112566990107,0.27828222017612203,1.0,0.0,3.708032102947409,1.0,1,,True
78,BRFO41-NORM41,,32,259,61.676,0.025501005253258966,0.32219988326091187,1.0,0.0,2.165063508922193,1.0,1,,True
79,BRFO41-NORM41,,32,259,61.676,0.025501005253258966,0.32219988326091187,1.0,0.0,2.165063508922193,1.0,1,,True
80,BRFO41-PELH41,,32,274,69.301,0.015122436905672358,0.275874807001342,1.0,0.0,4.236307599124424,1.0,1,,True
81,BRFO41-SIZE41,,32,338,43.167,0.017346584196261033,0.27828665415711074,1.0,0.0,3.7065887272747946,1.0,1,,True
82,BRFO41-SIZE41,,32,338,43.167,0.017346584196261033,0.27828665415711074,1.0,0.0,3.7065887272747946,1.0,1,,True
83,BRFO41-SIZE41,,32,338,43.167,0.017346584196261033,0.27828665415711074,1.0,0.0,3.7065887272747946,1.0,1,,True
84,BRIM2A-TOTT23,,33,391,7.748,0.0336740126484254,0.3156572663913268,1.0,0.0,2.1645386450412425,1.0,1,,True
85,BRIM2A-WALX22,,33,410,5.865,0.03455669224211424,0.320036231884058,1.0,0.0,2.1645386450412425,1.0,1,,True
86,BRIM2B-TOTT22,,34,390,7.6979999999999995,0.033499772668225514,0.3144656079501169,1.0,0.0,2.1645386450412425,1.0,1,,True
87,BRIM2B-WALX22,,34,410,5.997,0.03455269301317325,0.3200537768884443,1.0,0.0,2.1645386450412425,1.0,1,,True
88,BRIM2C-TOTT24,,35,392,7.69,0.0338296488946684,0.31695627438231466,1.0,0.0,2.1645386450412425,1.0,1,,True
89,BRIM2C-WALX21,,35,409,5.97,0.03458228643216081,0.32023450586264657,1.0,0.0,2.1645386450412425,1.0,1,,True
90,BRIM2D-TOTT21,,36,389,7.839,0.03347604924097461,0.31488710294680444,1.0,0.0,2.1645386450412425,1.0,1,,True
91,BRIM2D-WALX21,,36,409,5.97,0.03458228643216081,0.32023450586264657,1.0,0.0,2.1645386450412425,1.0,1,,True
92,BRIN21-CHTE21,,37,64,22.683999999999997,0.017302669282313526,0.2768760469934757,1.0,0.0,1.9608914592323183,1.0,1,,True
93,BRIN21-JORD21,,37,177,14.746,0.03318145598806455,0.3035051878475518,1.0,0.0,1.1693967267584597,1.0,1,,True
94,BRIN21-NORL2A,,37,257,16.102,0.03325208048689604,0.28578942056887346,1.0,0.0,0.8796718644735989,1.0,1,,True
95,BRIN21-TEMP21,,37,371,2.757,0.034562023939064206,0.3209330794341676,1.0,0.0,1.8517197719945448,1.0,1,,True
96,BRIN21-TEMP22,,37,372,2.757,0.034562023939064206,0.3209330794341676,1.0,0.0,1.8517197719945448,1.0,1,,True
97,BRIN22-CHTE21,,38,64,22.375,0.017338826815642458,0.27836759776536313,1.0,0.0,2.340892909040723,1.0,1,,True
98,BRIN22-THUR21,,38,380,5.704,0.07941685659186537,0.3160764375876578,1.0,0.0,1.2407782145677733,1.0,1,,True
99,BRIN22-TINP21,,38,386,3.17,0.034591876971608836,0.320153785488959,1.0,0.0,1.8517197719945448,1.0,1,,True
100,BRIN22-TINP22,,38,387,3.17,0.034591876971608836,0.320153785488959,1.0,0.0,1.8244268501851013,1.0,1,,True
101,BRIN41-THOM41,,39,375,36.299,0.01736686961073308,0.2783988539629191,1.0,0.0,3.4568847359124346,1.0,1,,True
102,BRIN41-THOM42,,39,376,36.299,0.01736686961073308,0.2783988539629191,1.0,0.0,3.4944125034004196,1.0,1,,True
103,BRLE41-DIDC41,,40,87,43.391000000000005,0.015450208568597175,0.24794081722016081,1.0,0.0,3.7065887272747946,1.0,1,,True
104,BRLE41-DIDC41,,40,87,43.391000000000005,0.015450208568597175,0.24775644718950937,1.0,0.0,3.286566406543889,1.0,1,,True
105,BRLE41-FLEE41,,40,123,17.555,0.01731700370264882,0.2782569068641413,1.0,0.0,3.708032102947409,1.0,1,,True
106,BRLE41-FLEE41,,40,123,17.555,0.01731700370264882,0.2782569068641413,1.0,0.0,3.708032102947409,1.0,1,,True
107,BRLE41-MELK41,,40,233,81.569,0.034522919246282285,0.32023930659932076,1.0,0.0,1.8532943636373973,1.0,1,,True
108,BRLE41-MELK41,,40,233,81.569,0.034522919246282285,0.32023930659932076,1.0,0.0,1.8532943636373973,1.0,1,,True
109,BRLE41-WWEY4A,,40,457,49.375,0.02556759493670886,0.3076860759493671,1.0,0.0,3.0195419071101517,1.0,1,,True
110,BRLE41-WWEY4B,,40,458,49.375,0.02556759493670886,0.3076860759493671,1.0,0.0,3.0195419071101517,1.0,1,,True
111,BRWA2A-HINP22,,41,161,18.477,0.03384850083888077,0.31646506467500135,1.0,0.0,1.610282386757161,1.0,1,,True
112,BRWA2B-HINP21,,42,160,18.547,0.03376152477489621,0.31608615948670943,1.0,0.0,1.599785109138144,1.0,1,,True
113,BULL41-RAYL41,,43,299,20.646,0.017359294778649618,0.27829119442022665,1.0,0.0,3.708032102947409,1.0,1,,True
114,BURW41-PELH41,,44,274,42.934,0.014198537289793638,0.2748031862859273,1.0,0.0,4.200223207309055,1.0,1,,True
115,BURW41-PELH41,,44,274,42.782,0.014174185405076903,0.27480716189051474,1.0,0.0,4.5610671254627535,1.0,1,,True
116,BURW41-WALP41,,44,408,51.189,0.014190548750708161,0.27480904100490344,1.0,0.0,4.5610671254627535,1.0,1,,True
117,BURW41-WALP41,,44,408,51.183,0.01419221225797628,0.27480999550632046,1.0,0.0,4.5610671254627535,1.0,1,,True
118,BUSH21-DRAK21,,45,89,38.153,0.028939401881896577,0.3174612743427778,1.0,0.0,2.340892909040723,1.0,1,,True
119,BUSH21-PENN21,,45,278,21.653,0.02877892208931788,0.31705710525100456,1.0,0.0,2.1792348337078655,1.0,1,,True
120,BUSH21-WIEN2B,,45,433,9.515,0.02471820809248555,0.2705491329479769,1.0,0.0,1.599785109138144,1.0,1,,True
121,BUST21-NECH21,,46,246,10.296,0.01909722222222222,0.2327657585470086,1.0,0.0,1.4969117884717806,1.0,1,,True
122,BUST21-NECH21,,46,246,10.267,0.019151163923249243,0.23298127495860527,1.0,0.0,1.4969117884717806,1.0,1,,True
123,CANT41-CANT41,,49,49,10.267,0.1,0.001870069153598909,1.0,0.0,4.477351336451095,1.0,1,,True
124,CANT41-CANT41,,49,49,10.267,0.1,0.001870069153598909,1.0,0.0,4.477351336451095,1.0,1,,True
125,CANT41-CANT41,,49,49,10.267,0.1,0.001870069153598909,1.0,0.0,4.477351336451095,1.0,1,,True
126,CANT41-CLEH41,,49,71,14.7,0.024925170068027212,0.30693877551020404,1.0,0.0,4.399409050129896,1.0,1,,True
127,CANT41-KEMS4A,,49,186,28.2,0.02490780141843972,0.3070070921985816,1.0,0.0,4.236307599124424,1.0,1,,True
128,CANT41-RICH41,,49,303,25.0,0.025536,0.307712,1.0,0.0,2.9415996207889528,1.0,1,,True
129,CANT41-RICH41,,49,303,25.0,0.025536,0.307712,1.0,0.0,2.9415996207889528,1.0,1,,True
130,CANT41-SELL4C,,49,328,26.711,0.024918572872599305,0.30698962974055627,1.0,0.0,4.399409050129896,1.0,1,,True
131,CANT41-SELL4D,,49,329,26.711,0.024918572872599305,0.30698962974055627,1.0,0.0,4.399409050129896,1.0,1,,True
132,CAPE4A-CONQ41,,51,72,11.543,0.014138438880706922,0.2748678852984493,1.0,0.0,4.5610671254627535,1.0,1,,True
133,CAPE4A-FROD41,,51,128,18.404,0.017300586828950228,0.2543794827211476,1.0,0.0,3.9663963483454574,1.0,1,,True
134,CAPE4B-CONQ41,,52,72,11.543,0.014138438880706922,0.2748678852984493,1.0,0.0,4.5610671254627535,1.0,1,,True
135,CAPE4B-FROD41,,52,128,18.315,0.017297297297297298,0.25439257439257434,1.0,0.0,3.9678397240180723,1.0,1,,True
136,CARE21-COWT2A,,53,78,27.881,0.04158140848606578,0.3929755030307378,1.0,0.0,1.3205575244723,1.0,1,,True
137,CARE21-USKM2B,,53,406,19.94,0.04156720160481444,0.3929921013039117,1.0,0.0,1.3205575244723,1.0,1,,True
138,CARR21-SMAN21,,54,342,10.977,0.0327246743190307,0.32793568370228654,1.0,0.0,1.7530453623757878,1.0,1,,True
139,CARR21-SMAN21,,54,342,9.427,0.0332117852975496,0.32898920653442243,1.0,0.0,1.7530453623757878,1.0,1,,True
140,CARR41-DAIN41,,55,85,3.352,0.028162291169451074,0.31169451073985677,1.0,0.0,4.399409050129896,1.0,1,,True
141,CARR41-DAIN41,,55,85,2.545,0.027033398821218073,0.3118271119842829,1.0,0.0,3.0079949017292336,1.0,1,,True
142,CARR41-KEAR41,,55,184,13.154,0.027368100957883532,0.3130910749581876,1.0,0.0,3.06717330430644,1.0,1,,True
143,CARR41-PEWO4A,,55,287,56.9,0.027782073813708258,0.31434797891036903,1.0,0.0,3.0079949017292336,1.0,1,,True
144,CARR42-DAIN41,,56,85,2.063,0.02714493456131847,0.31333010179350457,1.0,0.0,2.165063508922193,1.0,1,,True
145,CARR4B-DAIN41,,58,85,2.036,0.029076620825147347,0.3182711198428291,1.0,0.0,2.2415624195707773,1.0,1,,True
146,CELL41-DAIN41,,59,85,55.722,0.024320735077707187,0.2960410609813,1.0,0.0,3.619986186917907,1.0,1,,True
147,CELL41-DRAK41,,59,90,45.712,0.025551277563878188,0.3077003850192509,1.0,0.0,2.9863442666400117,1.0,1,,True
148,CELL41-DRAK41,,59,90,45.012,0.025557629076690663,0.3076868390651382,1.0,0.0,2.9863442666400117,1.0,1,,True
149,CELL41-MACC41,,59,220,31.617,0.025049814972957586,0.3070247019008761,1.0,0.0,4.399409050129896,1.0,1,,True
150,CHIC41-EXET41,,60,109,75.92,0.016564805057955743,0.28587987355110644,1.0,0.0,3.7065887272747946,1.0,1,,True
151,CHIC41-MANN41,,60,222,53.913,0.017361304323632525,0.2782853857140208,1.0,0.0,4.083309777827256,1.0,1,,True
152,CHIC4A-MANN41,,61,222,54.066,0.01737136092923464,0.2782968963858987,1.0,0.0,4.083309777827256,1.0,1,,True
153,CHIL41-FAWL41,,62,110,3.73,0.01587131367292225,0.10080428954423593,1.0,0.0,1.33945262418653,1.0,1,,True
154,CHIL41-FAWL41,,62,110,3.69,0.016043360433604336,0.10059620596205962,1.0,0.0,1.33945262418653,1.0,1,,True
155,CHIL41-LOVE41,,62,218,22.694000000000003,0.014171146558561732,0.27425751299903056,1.0,0.0,1.600703620929808,1.0,1,,True
156,CHSI21-WWEY21,,63,454,15.318,0.02562304151978065,0.3075258682595639,1.0,0.0,2.54663955037345,1.0,1,,True
157,CHSI21-WWEY22,,63,455,15.347,0.025623900436567405,0.30753608197041765,1.0,0.0,2.54663955037345,1.0,1,,True
158,CHTE21-HIGM21,,64,157,43.792,0.021033807544757033,0.31188059462915607,1.0,0.0,2.8111709463726706,1.0,1,,True
159,CHTE21-HIGM21,,64,157,43.651,0.02103245057387001,0.3118831756431697,1.0,0.0,2.899348078372411,1.0,1,,True
160,CHUE4A-TILB41,,65,383,13.525,0.024487985212569313,0.3039112754158965,1.0,0.0,4.080423026482026,1.0,1,,True
161,CHUE4A-WTHU4D,,65,451,2.419,0.025134353038445637,0.32277800744109136,1.0,0.0,4.399409050129896,1.0,1,,True
162,CHUE4B-TILB41,,66,383,13.525,0.024487985212569313,0.3039112754158965,1.0,0.0,4.220430466725661,1.0,1,,True
163,CHUE4B-WTHU4C,,66,450,2.581,0.02479659046881054,0.3217357613328167,1.0,0.0,4.399409050129896,1.0,1,,True
164,CILF2A-UPPB21,,67,402,6.975,0.03458691756272401,0.32006451612903225,1.0,0.0,1.8517197719945448,1.0,1,,True
165,CILF2B-UPPB22,,68,403,6.975,0.03458691756272401,0.32006451612903225,1.0,0.0,1.8517197719945448,1.0,1,,True
166,CILF41-IMPP41,,69,168,25.119,0.017389227278155978,0.2800111469405629,1.0,0.0,3.7065887272747946,1.0,1,,True
167,CILF41-RASS41,,69,296,26.901,0.017367384112114793,0.27829448719378463,1.0,0.0,3.7065887272747946,1.0,1,,True
168,CILF41-RHIG41,,69,302,25.011,0.01733637199632162,0.27827755787453523,1.0,0.0,3.7065887272747946,1.0,1,,True
169,CILF41-SWAN41,,69,365,61.595,0.0173520577968991,0.27828232811104797,1.0,0.0,3.7065887272747946,1.0,1,,True
170,CILF41-SWAN42,,69,366,61.655,0.017361122374503286,0.27829697510339796,1.0,0.0,4.330127017844386,1.0,1,,True
171,CILF41-WHSO4A,,69,430,35.208,0.01740513519654624,0.2795273801408771,1.0,0.0,3.7065887272747946,1.0,1,,True
172,CITR41-CITR41,,70,70,35.208,0.1,0.1,1.0,0.0,2.219911784481555,1.0,1,,True
173,CITR41-CITR41,,70,70,35.208,0.1,0.1,1.0,0.0,2.1535165035412747,1.0,1,,True
174,CITR41-PUDM41,,70,291,7.29,0.01448559670781893,0.13124828532235938,1.0,0.0,1.6396747640904075,1.0,1,,True
175,CITR41-SJOW41,,70,340,7.243,0.014358691150075934,0.131216346817617,1.0,0.0,1.6396747640904075,1.0,1,,True
176,CITR41-SJOW41,,70,340,6.776,0.014403778040141675,0.13128689492325854,1.0,0.0,1.6396747640904075,1.0,1,,True
177,CITR41-WHAM4B,,70,423,9.39,0.01448349307774228,0.13120340788072418,1.0,0.0,1.6396747640904075,1.0,1,,True
178,CLEH41-KEMS4B,,71,187,13.5,0.02488888888888889,0.306962962962963,1.0,0.0,4.399409050129896,1.0,1,,True
179,CONQ41-DAIN41,,72,85,60.331,0.02492914090600189,0.3069731978584807,1.0,0.0,4.399409050129896,1.0,1,,True
180,CONQ41-DAIN41,,72,85,60.294,0.024891365641689055,0.306816598666534,1.0,0.0,4.399409050129896,1.0,1,,True
181,CONQ41-FLIB41,,72,124,3.495,0.010071530758226038,0.22889842632331903,1.0,0.0,2.0755742172200757,1.0,1,,True
182,CONQ41-FLIB41,,72,124,3.388,0.01038961038961039,0.22904368358913815,1.0,0.0,2.0755742172200757,1.0,1,,True
183,CONQ41-PENM4A,,72,276,30.427,0.017300423965556908,0.2776481414533145,1.0,0.0,3.696485097566491,1.0,1,,True
184,CONQ41-PENM4B,,72,277,30.427,0.017300423965556908,0.2776481414533145,1.0,0.0,3.696485097566491,1.0,1,,True
185,CONQ41-TREU4A,,72,398,14.323,0.027368568037422332,0.3130070515953362,1.0,0.0,3.322650798359259,1.0,1,,True
186,CONQ41-TREU4B,,72,399,14.323,0.027368568037422332,0.3130070515953362,1.0,0.0,3.06717330430644,1.0,1,,True
187,COSO41-RAYL41,,73,299,13.913,0.0249550779846187,0.31027096959677997,1.0,0.0,4.1511484344401515,1.0,1,,True
188,COSO41-TILB4B,,73,385,12.363,0.024977756208040124,0.3106042222761466,1.0,0.0,3.3587351901746287,1.0,1,,True
189,COTT41-KEAD4C,,74,181,34.479,0.02747179442559239,0.31685373705733927,1.0,0.0,3.06717330430644,1.0,1,,True
190,COTT41-KEAD4D,,74,182,34.628,0.027492202841631046,0.31687651611412726,1.0,0.0,3.06717330430644,1.0,1,,True
191,COTT41-MARH4B,,74,226,100.853,0.028112202909184654,0.31494551475910487,1.0,0.0,2.758290910366874,1.0,1,,True
192,COTT41-RYHA4A,,74,317,76.891,0.01735443680014566,0.27829524911888254,1.0,0.0,3.708032102947409,1.0,1,,True
193,COTT41-STAY41,,74,352,28.288,0.02861990950226244,0.3135746606334841,1.0,0.0,3.06717330430644,1.0,1,,True
194,COTT42-RYHA4B,,75,318,76.816,0.01737138096229952,0.2782961882941054,1.0,0.0,3.708032102947409,1.0,1,,True
195,COTT42-STAY41,,75,352,27.698,0.025474763520831827,0.30598599176835867,1.0,0.0,3.06717330430644,1.0,1,,True
196,COTT42-WBUR42,,75,420,6.76,0.024852071005917162,0.3126627218934911,1.0,0.0,4.5610671254627535,1.0,1,,True
197,COVE21-NECH21,,76,246,30.715,0.01524072114601986,0.27603186553801073,1.0,0.0,2.340892909040723,1.0,1,,True
198,COVE21-RATS2A,,76,297,65.363,0.025118472989305873,0.30526291632880986,1.0,0.0,2.0994555238033388,1.0,1,,True
199,COWL41-CULJ4A,,77,84,6.496,0.017241379310344827,0.27832512315270935,1.0,0.0,3.7065887272747946,1.0,1,,True
200,COWL41-DIDC41,,77,87,11.503,0.01738676866904286,0.2783273928540381,1.0,0.0,3.7065887272747946,1.0,1,,True
201,COWL41-ECLA41,,77,99,36.301,0.01736591278477177,0.2782953637640836,1.0,0.0,3.7065887272747946,1.0,1,,True
202,COWL41-LEIB4A,,77,208,52.495,0.01636727307362606,0.27720735308124583,1.0,0.0,3.7065887272747946,1.0,1,,True
203,COWL41-MITY41,,77,241,102.197,0.022200260281612965,0.28952708983629655,1.0,0.0,1.6339012613999484,1.0,1,,True
204,COWL41-WALH41,,77,407,91.645,0.019728299416225656,0.2857286267663266,1.0,0.0,1.6339012613999484,1.0,1,,True
205,COWT2A-PYLE21,,78,292,22.6,0.04463882743362831,0.3108990597345133,1.0,0.0,1.8454214054231348,1.0,1,,True
206,CREB2A-HEDO21,,81,154,20.347,0.02096254976163562,0.2819908954637047,1.0,0.0,3.493493991608756,1.0,1,,True
207,CREB2B-SAEN21,,82,319,20.347,0.02096254976163562,0.2819908954637047,1.0,0.0,3.493493991608756,1.0,1,,True
208,CREB41-GART4A,,83,129,32.081,0.01735606745425641,0.2782955643527321,1.0,0.0,3.999593988815598,1.0,1,,True
209,CREB41-GART4B,,83,130,32.109,0.017340932448846116,0.27830203369771717,1.0,0.0,4.1511484344401515,1.0,1,,True
210,CREB41-THTO41,,83,377,29.809,0.014170217048542386,0.27481633063839783,1.0,0.0,4.1511484344401515,1.0,1,,True
211,CREB41-THTO42,,83,378,29.671,0.014182198105894644,0.2748003100670689,1.0,0.0,4.1511484344401515,1.0,1,,True
212,CULJ4A-DIDC41,,84,87,4.898,0.017313189056757862,0.2783176806859943,1.0,0.0,3.7065887272747946,1.0,1,,True
213,DAIN41-MACC41,,85,220,35.993,0.02404912066235101,0.28943405662212096,1.0,0.0,3.322650798359259,1.0,1,,True
214,DAMC41-KINO41,,86,191,35.993,0.1,0.1,1.0,0.0,2.205478027755407,1.0,1,,True
215,DINO41-PENT41,,88,281,10.762,0.011150343802267235,0.17602676082512544,1.0,0.0,2.3151745788741316,1.0,1,,True
216,DINO41-PENT41,,88,281,10.728,0.013870246085011185,0.20909768829231917,1.0,0.0,2.342598716653813,1.0,1,,True
217,DRAK41-BUST4A,,90,47,34.592,0.017345050878815913,0.2783071230342276,1.0,0.0,1.7363809341555987,1.0,1,,True
218,DRAK41-BUST4B,,90,48,34.537,0.01737267278570808,0.2782870544633292,1.0,0.0,3.7065887272747946,1.0,1,,True
219,DRAK41-HAMH41,,90,144,29.434,0.02902765509274988,0.3183801046408915,1.0,0.0,2.758290910366874,1.0,1,,True
220,DRAK41-OLDB4A,,90,268,49.318,0.029879557159657733,0.3179042134717547,1.0,0.0,1.6873061612866957,1.0,1,,True
221,DRAK41-RATS41,,90,298,32.907,0.028297930531497862,0.3175980794359862,1.0,0.0,2.758290910366874,1.0,1,,True
222,DRAK41-RUGE41,,90,311,20.966,0.028923018219975203,0.3184584565486979,1.0,0.0,2.758290910366874,1.0,1,,True
223,DRAK41-WILE41,,90,434,16.937,0.029096061876365355,0.3183562614394521,1.0,0.0,2.758290910366874,1.0,1,,True
224,DRAX41-EGGB42,,91,101,11.828000000000001,0.01731484612783226,0.2728440987487318,1.0,0.0,3.0152117800923075,1.0,1,,True
225,DRAX41-FENW4A,,91,113,13.443,0.017377073569887675,0.2782712192218999,1.0,0.0,4.330127017844386,1.0,1,,True
226,DRAX41-THTO42,,91,378,22.579,0.014030736525089686,0.27473315913016516,1.0,0.0,3.7065887272747946,1.0,1,,True
227,DRAX42-EGGB41,,92,100,11.188,0.017733285663210585,0.28358956024311766,1.0,0.0,4.0096976185239015,1.0,1,,True
228,DRAX42-THOM41,,92,375,21.73,0.022899217671421997,0.29393465255407275,1.0,0.0,4.1381580533866185,1.0,1,,True
229,DRAX42-THTO41,,92,377,22.579,0.014030736525089686,0.27473315913016516,1.0,0.0,5.239453691591707,1.0,1,,True
230,DUNG41-NINF41,,94,256,44.081,0.01419205553413035,0.2748032031941199,1.0,0.0,4.083309777827256,1.0,1,,True
231,DUNG41-NINF41,,94,256,44.056,0.014200108952242602,0.2748138732522245,1.0,0.0,4.084753153499871,1.0,1,,True
232,DUNG41-SELL4E,,94,330,25.387,0.024894631110410844,0.3069917674400284,1.0,0.0,4.084753153499871,1.0,1,,True
233,DUNG41-SELL4F,,94,331,25.403,0.024941935991811996,0.30698736369720114,1.0,0.0,4.084753153499871,1.0,1,,True
234,EALI21-LALE21,,95,202,19.658,0.02042775206022993,0.15049598127988603,1.0,0.0,1.0875179613301296,1.0,1,,True
235,EALI21-LALE21,,95,202,19.658,0.02042775206022993,0.15049598127988603,1.0,0.0,1.1022141499967528,1.0,1,,True
236,EALI21-WISD2A,,95,444,6.075,0.01506275720164609,0.17315946502057614,1.0,0.0,1.5745916428525042,1.0,1,,True
237,EASO41-WYMO41,,96,460,35.272,0.017373554093898843,0.27829439782263554,1.0,0.0,3.7065887272747946,1.0,1,,True
238,EASO4A-RYHA4B,,97,318,58.769,0.017369701713488405,0.2782963807449506,1.0,0.0,3.708032102947409,1.0,1,,True
239,EASO4B-RYHA4A,,98,317,58.95,0.017370653095843937,0.2782832909245123,1.0,0.0,3.708032102947409,1.0,1,,True
240,EASO4B-WYMO41,,98,460,35.272,0.017373554093898843,0.27829439782263554,1.0,0.0,3.7065887272747946,1.0,1,,True
241,ECLA41-LEIB4B,,99,209,15.985,0.014113231154207068,0.27475758523615895,1.0,0.0,3.7065887272747946,1.0,1,,True
242,ECLA41-PAFB4A,,99,272,44.72,0.029123434704830056,0.3183542039355993,1.0,0.0,2.758290910366874,1.0,1,,True
243,ECLA41-PAFB4B,,99,273,44.886,0.02912266631020808,0.31835316134206654,1.0,0.0,2.758290910366874,1.0,1,,True
244,EGGB41-MONF4A,,100,245,10.37,0.017434908389585342,0.27834136933461906,1.0,0.0,2.843450075051147,1.0,1,,True
245,EGGB41-ROCH4A,,100,305,85.575,0.026475021910604732,0.3031539585159217,1.0,0.0,1.7883424583697314,1.0,1,,True
246,EGGB41-THOM41,,100,375,28.267,0.01658471008596597,0.27718541054940393,1.0,0.0,3.199963866187001,1.0,1,,True
247,EGGB42-FERR4A,,101,119,11.864,0.017262306136210385,0.2782198246797033,1.0,0.0,3.7065887272747946,1.0,1,,True
248,EGGB42-MONF41,,101,244,10.37,0.017434908389585342,0.27834136933461906,1.0,0.0,3.7065887272747946,1.0,1,,True
249,EGGB42-STSB4B,,101,358,48.084,0.017303052990599782,0.2782131270277015,1.0,0.0,3.7065887272747946,1.0,1,,True
250,ELLA21-FERR22,,102,115,45.565,0.026107346647646218,0.30281534620871287,1.0,0.0,2.645313959992207,1.0,1,,True
251,ELLA21-KIRK21,,102,192,39.038999999999994,0.03134333615102846,0.3053941251056636,1.0,0.0,1.599785109138144,1.0,1,,True
252,ELLA21-STAL21,,102,349,39.6,0.031453125,0.3174722222222222,1.0,0.0,1.8517197719945448,1.0,1,,True
253,ELST21-MILH2A,,103,235,12.713000000000001,0.032598521198772906,0.23574441516557848,1.0,0.0,1.1001146944729496,1.0,1,,True
254,ELST21-MILH2B,,103,236,12.657,0.03262325195543968,0.2361302046298491,1.0,0.0,1.1001146944729496,1.0,1,,True
255,ELST21-WARL21,,103,413,59.469,0.031143221678521578,0.313657640955792,1.0,0.0,1.599785109138144,1.0,1,,True
256,ELST21-WATS21,,103,416,5.797,0.033135673624288424,0.3125711574952562,1.0,0.0,1.599785109138144,1.0,1,,True
257,ELST22-WARL21,,104,413,59.834,0.03104171541264164,0.3130966507336965,1.0,0.0,1.599785109138144,1.0,1,,True
258,ELST22-WATS22,,104,417,5.62,0.03377557829181495,0.31582184163701066,1.0,0.0,1.599785109138144,1.0,1,,True
259,ELST41-SJOW41,,105,340,20.0,0.011200000000000002,0.14079999999999998,1.0,0.0,2.4999266649688257,1.0,1,,True
260,ELST4A-SUND41,,106,361,34.834,0.03440316931733363,0.32010105069759426,1.0,0.0,2.165063508922193,1.0,1,,True
261,ELST4B-SUND42,,107,362,34.706,0.0344378493632225,0.32012908430818876,1.0,0.0,2.165063508922193,1.0,1,,True
262,ENDE41-PAFB4A,,108,272,41.13,0.027580841235108195,0.3131923170435206,1.0,0.0,2.758290910366874,1.0,1,,True
263,ENDE41-PAFB4B,,108,273,41.13,0.027580841235108195,0.3131923170435206,1.0,0.0,2.758290910366874,1.0,1,,True
264,ENDE41-RATS41,,108,298,36.941,0.01728161121788798,0.25432987737202567,1.0,0.0,3.7065887272747946,1.0,1,,True
265,ENDE41-RATS41,,108,298,36.873,0.01727008922517832,0.25436498250752587,1.0,0.0,3.7065887272747946,1.0,1,,True
266,EXET41-TAUN41,,109,369,38.147,0.029108448895063834,0.31834744540855114,1.0,0.0,2.758290910366874,1.0,1,,True
267,EXET41-TAUN42,,109,370,38.107,0.029097016296218543,0.3183457107618023,1.0,0.0,2.758290910366874,1.0,1,,True
268,FAWL41-MANN41,,110,222,61.115,0.01691237830319889,0.2578483187433527,1.0,0.0,3.7065887272747946,1.0,1,,True
269,FAWL41-MAWO41,,110,227,18.639,0.018370084231986692,0.26284671924459474,1.0,0.0,3.3587351901746287,1.0,1,,True
270,FECK41-HAMH41,,112,144,43.314,0.02881285496606178,0.31845592649028026,1.0,0.0,2.758290910366874,1.0,1,,True
271,FECK41-IRON41,,112,171,66.123,0.029762714940338462,0.31814648458176426,1.0,0.0,2.758290910366874,1.0,1,,True
272,FECK41-MITY41,,112,241,78.649,0.031064603491462065,0.3189258604686646,1.0,0.0,2.7048860104801267,1.0,1,,True
273,FECK41-WALH41,,112,407,67.986,0.02911187597446533,0.3183478951548848,1.0,0.0,2.706329386152741,1.0,1,,True
274,FENW4A-KEAD42,,113,179,42.517,0.00745113719218195,0.08132276501164239,1.0,0.0,4.1511484344401515,1.0,1,,True
275,FENW4A-THOM42,,113,376,8.287,0.031857125618438516,0.319150476650175,1.0,0.0,2.758290910366874,1.0,1,,True
276,FERR21-MONF21,,114,242,4.485,0.01736761426978818,0.27838768115942025,1.0,0.0,2.743988369610964,1.0,1,,True
277,FERR21-SKLG21,,114,341,20.718,0.03617355681050294,0.3604214933873926,1.0,0.0,1.7278518960901479,1.0,1,,True
278,FERR22-FERR2B,,115,118,20.718,0.000730041509798243,0.008541485664639442,1.0,0.0,2.1645386450412425,1.0,1,,True
279,FERR23-FERR2A,,116,117,20.718,0.00047452698136885794,0.007884448305821025,1.0,0.0,2.743988369610964,1.0,1,,True
280,FERR2A-MONF22,,117,243,3.922,0.017354028556858744,0.27843574706782254,1.0,0.0,2.340892909040723,1.0,1,,True
281,FERR2B-SKLG21,,118,341,20.105,0.03667464561054464,0.36377486943546383,1.0,0.0,1.7278518960901479,1.0,1,,True
282,FFES21-TRAW21,,120,395,7.424,0.07853835533405171,0.3138478246228448,1.0,0.0,1.0077386514256026,1.0,1,,True
283,FFES22-TRAW21,,121,395,7.358,0.07934561022016853,0.31604631013862466,1.0,0.0,1.0749212281873095,1.0,1,,True
284,FIDF21-FROD21,,122,126,9.145,0.017366047020229636,0.2783529250956807,1.0,0.0,2.54663955037345,1.0,1,,True
285,FIDF21-FROD22,,122,127,9.145,0.017366047020229636,0.2783529250956807,1.0,0.0,2.54663955037345,1.0,1,,True
286,FIDF21-RAIN21,,122,295,7.963,0.017379599397212106,0.25433096822805473,1.0,0.0,2.54663955037345,1.0,1,,True
287,FIDF21-RAIN21,,122,295,7.963,0.017379599397212106,0.25433096822805473,1.0,0.0,2.54663955037345,1.0,1,,True
288,FLEE41-LOVE41,,123,218,41.095,0.02491787322058645,0.30699598491300645,1.0,0.0,4.454257325689259,1.0,1,,True
289,FLEE41-LOVE41,,123,218,41.095,0.02491787322058645,0.30699598491300645,1.0,0.0,4.399409050129896,1.0,1,,True
290,FOUR21-HARK24,,125,147,55.711,0.04464659133743786,0.3204672326829531,1.0,0.0,1.6690671414236544,1.0,1,,True
291,FOUR21-STEW21,,125,354,27.731,0.044642502975009914,0.32046063070210234,1.0,0.0,1.6690671414236544,1.0,1,,True
292,FROD41-ROCK41,,128,306,1.197,0.029406850459482037,0.31812865497076026,1.0,0.0,1.5877132398762748,1.0,1,,True
293,GART4A-HUMR41,,129,163,37.372,0.017681686824360488,0.3003317992079632,1.0,0.0,4.37631503936806,1.0,1,,True
294,GART4A-KEAD43,,129,180,5.711,0.017369987742952196,0.2781999649798634,1.0,0.0,4.330127017844386,1.0,1,,True
295,GART4B-KEAD41,,130,178,5.689,0.017437159430479875,0.2781508173668483,1.0,0.0,4.330127017844386,1.0,1,,True
296,GART4B-KILL41,,130,190,34.462,0.017642620857756367,0.300249550229238,1.0,0.0,4.37631503936806,1.0,1,,True
297,GRAI41-KEMS41,,131,185,9.922,0.01709332795807297,0.24382181011892765,1.0,0.0,3.709475478620024,1.0,1,,True
298,GRAI41-KEMS41,,131,185,9.922,0.01709332795807297,0.24382181011892765,1.0,0.0,3.709475478620024,1.0,1,,True
299,GRAI41-KINO41,,131,191,12.307,0.01638092142683026,0.26365483058422035,1.0,0.0,4.5610671254627535,1.0,1,,True
300,GRAI41-MEDW41,,131,230,2.5,0.03456,0.32832,1.0,0.0,2.0062921849345656,1.0,1,,True
301,GRAI41-TILB41,,131,383,28.691,0.016841518246139907,0.2694642919382385,1.0,0.0,2.891081472247435,1.0,1,,True
302,GREN41-MARH4A,,132,225,28.74,0.029060542797494784,0.3182741823242867,1.0,0.0,3.5203932655074857,1.0,1,,True
303,GREN41-MARH4B,,132,226,28.56,0.029131652661064426,0.3183193277310925,1.0,0.0,2.758290910366874,1.0,1,,True
304,GREN41-MILL4A,,132,239,26.0,0.02910769230769231,0.3183384615384615,1.0,0.0,2.758290910366874,1.0,1,,True
305,GREN41-MILL4B,,132,240,26.0,0.02910769230769231,0.3183384615384615,1.0,0.0,2.758290910366874,1.0,1,,True
306,GRIW41-KEAD41,,133,178,49.379,0.015229145993235993,0.2828732862147877,1.0,0.0,4.1511484344401515,1.0,1,,True
307,GRIW41-SHBA41,,133,332,12.673,0.01603408821904837,0.28836108261658644,1.0,0.0,3.9259818295122435,1.0,1,,True
308,GRSA21-LACK2A,,134,197,1.166,0.031780660377358494,0.30224056603773586,1.0,0.0,2.349290731135936,1.0,1,,True
309,GRSA21-LACK2B,,134,198,1.166,0.031780660377358494,0.30224056603773586,1.0,0.0,2.349290731135936,1.0,1,,True
310,GRSB21-LACK2B,,135,198,1.166,0.020106132075471697,0.19327830188679246,1.0,0.0,2.349290731135936,1.0,1,,True
311,GRSB21-LACK2C,,135,199,1.166,0.020106132075471697,0.19327830188679246,1.0,0.0,2.349290731135936,1.0,1,,True
312,HACK2A-TOTT2B,,136,394,6.045999999999999,0.033522163413827334,0.31483315415150515,1.0,0.0,2.1645386450412425,1.0,1,,True
313,HACK2B-TOTT2A,,137,393,6.045999999999999,0.033522163413827334,0.31483315415150515,1.0,0.0,2.1645386450412425,1.0,1,,True
314,HACK41-HIBU41,,138,156,6.858,0.010032079323417906,0.19294254884806067,1.0,0.0,2.497039913623596,1.0,1,,True
315,HACK41-HIBU41,,138,156,6.858,0.010032079323417906,0.19294254884806067,1.0,0.0,2.497039913623596,1.0,1,,True
316,HACK41-WHAM41,,138,421,6.148,0.012752114508783345,0.23526350032530904,1.0,0.0,2.495596537950981,1.0,1,,True
317,HACK41-WHAM41,,138,421,6.148,0.012752114508783345,0.23526350032530904,1.0,0.0,2.495596537950981,1.0,1,,True
318,HAKB4--HARK41,,139,148,9.857,0.025484427310540732,0.3158770416962565,1.0,0.0,3.0079949017292336,1.0,1,,True
319,HAKB4B-HARK41,,140,148,9.857,0.025484427310540732,0.3158770416962565,1.0,0.0,3.0079949017292336,1.0,1,,True
320,HAMB4A-HEYS41,,141,155,25.85,0.014174081237911026,0.274816247582205,1.0,0.0,4.76169634395621,1.0,1,,True
321,HAMB4A-PEWO41,,141,286,20.45,0.024097799511002445,0.3064645476772616,1.0,0.0,3.569468038376389,1.0,1,,True
322,HAMB4A-STAH4A,,141,347,3.926,0.034640855832908816,0.32847682119205296,1.0,0.0,0.3464101614275509,1.0,1,,True
323,HAMB4B-HEYS41,,142,155,26.02,0.014204458109146811,0.274803996925442,1.0,0.0,4.800667487116809,1.0,1,,True
324,HAMB4B-PEWO41,,142,286,20.29,0.02428782651552489,0.30840808279940857,1.0,0.0,3.569468038376389,1.0,1,,True
325,HAMB4B-STAH4B,,142,348,3.926,0.034640855832908816,0.32847682119205296,1.0,0.0,0.3464101614275509,1.0,1,,True
326,HAMH2A-NECH21,,143,246,10.439,0.017314278187565858,0.27840489989462586,1.0,0.0,2.6978003480872905,1.0,1,,True
327,HAMH41-WILE41,,144,434,84.84,0.022743988684582744,0.29753889674681755,1.0,0.0,2.759734286039489,1.0,1,,True
328,HARK21-HARK21,,145,145,84.84,0.1,0.00011587989156058462,1.0,0.0,2.0007811141845817,1.0,1,,True
329,HARK23-STEW21,,146,354,83.799,0.04461747753553144,0.3202820141051802,1.0,0.0,1.6249785754237842,1.0,1,,True
330,HARK41-HUTT42,,148,166,81.444,0.024930013260645353,0.30725406414223266,1.0,0.0,3.999593988815598,1.0,1,,True
331,HARK41-HUTT43,,148,167,81.444,0.024930013260645353,0.30725406414223266,1.0,0.0,3.999593988815598,1.0,1,,True
332,HARM21-HATL21,,149,150,13.983,0.025527426160337555,0.3083842880640778,1.0,0.0,2.1645386450412425,1.0,1,,True
333,HARM21-HAWP21,,149,151,17.287,0.0255480997281194,0.30767086539017763,1.0,0.0,2.340892909040723,1.0,1,,True
334,HATL21-HAWP2A,,150,152,31.443,0.02563885443500938,0.30812323092580224,1.0,0.0,2.1645386450412425,1.0,1,,True
335,HATL21-SALH21,,150,322,7.794,0.03172873364126251,0.3253408070310495,1.0,0.0,2.6852036149444705,1.0,1,,True
336,HATL21-TODP21,,150,388,18.433,0.02925222427168665,0.3182051212499322,1.0,0.0,2.6852036149444705,1.0,1,,True
337,HATL21-WBOL21,,150,418,49.164,0.029672244935318517,0.3135505654543975,1.0,0.0,2.1645386450412425,1.0,1,,True
338,HAWP21-NORT21,,151,260,30.697,0.01771325373815031,0.280036933576571,1.0,0.0,1.8349241278041182,1.0,1,,True
339,HAWP21-OFFE21,,151,266,9.514,0.03012599852848434,0.3138191086819424,1.0,0.0,2.1645386450412425,1.0,1,,True
340,HAWP2A-WBOL21,,152,418,17.721,0.03008612662942272,0.3138772501551832,1.0,0.0,2.3513901866597395,1.0,1,,True
341,HAWP4A-NORT41,,153,261,30.157,0.017773651225254504,0.2817256358391087,1.0,0.0,3.4944125034004196,1.0,1,,True
342,HEDO21-SAES21,,154,320,30.157,0.00042631064097887724,0.00566742381536625,1.0,0.0,3.493493991608756,1.0,1,,True
343,HEYS41-MIDL41,,155,234,30.157,0.1,0.008223629671386411,1.0,0.0,4.5610671254627535,1.0,1,,True
344,HEYS41-QUER4B,,155,294,9.604,0.014160766347355273,0.27488546438983763,1.0,0.0,4.76169634395621,1.0,1,,True
345,HIBU41-SJOW41,,156,340,5.814,0.01018231854145167,0.19291365669074648,1.0,0.0,2.497039913623596,1.0,1,,True
346,HIBU41-SJOW41,,156,340,5.814,0.01018231854145167,0.19291365669074648,1.0,0.0,2.497039913623596,1.0,1,,True
347,HIGM21-THUR2A,,157,381,46.867,0.07938954914972156,0.31602526831245864,1.0,0.0,1.2407782145677733,1.0,1,,True
348,HIGM41-WBUR41,,158,419,15.081,0.026947815131622574,0.3138253431470062,1.0,0.0,3.06717330430644,1.0,1,,True
349,HIGM4A-STOB41,,159,356,39.671,0.029119507952912706,0.31833833278717455,1.0,0.0,2.967580382896019,1.0,1,,True
350,HINP41-MELK41,,162,233,86.136,0.02905173214451565,0.31825020897185846,1.0,0.0,2.758290910366874,1.0,1,,True
351,HINP41-SAFO41,,162,321,35.561,0.018942099491015437,0.25083659064705716,1.0,0.0,2.758290910366874,1.0,1,,True
352,HINP41-SHUR41,,162,336,1.2,0.02666666666666667,0.31733333333333336,1.0,0.0,4.402295801475126,1.0,1,,True
353,HINP41-TAUN42,,162,370,26.613,0.029098560853718106,0.318340660579416,1.0,0.0,3.06717330430644,1.0,1,,True
354,HUMR41-KILL41,,163,190,2.879,0.01778395276137548,0.30177144841959014,1.0,0.0,3.999593988815598,1.0,1,,True
355,HURS21-LITT2A,,164,213,7.776999999999999,0.02800565770862801,0.2709158415841585,1.0,0.0,1.8139295725660847,1.0,1,,True
356,HURS21-LITT2B,,164,214,7.7989999999999995,0.027926657263751764,0.2701516220028209,1.0,0.0,1.8139295725660847,1.0,1,,True
357,HURS21-NEWX21,,164,252,21.864,0.015115315129893888,0.1731862307903403,1.0,0.0,1.8517197719945448,1.0,1,,True
358,HURS21-NEWX21,,164,252,21.106,0.015120700274803372,0.17317143229413434,1.0,0.0,1.8517197719945448,1.0,1,,True
359,HUTT41-QUER4A,,165,293,34.42,0.024915746658919234,0.30758861127251597,1.0,0.0,4.399409050129896,1.0,1,,True
360,HUTT41-QUER4B,,165,294,34.42,0.024915746658919234,0.30758861127251597,1.0,0.0,4.399409050129896,1.0,1,,True
361,IMPP41-MELK41,,168,233,82.688,0.01706656346749226,0.27339396284829715,1.0,0.0,2.0553669578034683,1.0,1,,True
362,INDQ41-LAND41,,169,203,49.565,0.03454050237062443,0.32025824674669623,1.0,0.0,3.0195419071101517,1.0,1,,True
363,INDQ41-LAND42,,169,204,49.565,0.03454050237062443,0.32025824674669623,1.0,0.0,1.8532943636373973,1.0,1,,True
364,IROA21-MELK2A,,170,231,34.063,0.04133920969967413,0.39054674426797403,1.0,0.0,1.2197836593297398,1.0,1,,True
365,IROA21-MELK2B,,170,232,34.634,0.04098519518392331,0.38657533059998844,1.0,0.0,1.2197836593297398,1.0,1,,True
366,IROA21-WHSO2A,,170,427,34.621,0.04440819878108662,0.32038123537737206,1.0,0.0,1.5745916428525042,1.0,1,,True
367,IROA21-WHSO2B,,170,428,34.555,0.044514903776588045,0.3203584864708436,1.0,0.0,1.5745916428525042,1.0,1,,True
368,IRON41-LEGA4B,,171,207,62.073,0.025544117410146117,0.3076893335266541,1.0,0.0,2.8896380965748203,1.0,1,,True
369,IRON41-PENN4A,,171,279,27.761,0.033082381758582184,0.31981556860343646,1.0,0.0,1.8532943636373973,1.0,1,,True
370,IRON41-PENN4B,,171,280,24.617,0.03171791851159767,0.3191290571556241,1.0,0.0,2.165063508922193,1.0,1,,True
371,IRON41-RUGE41,,171,311,58.681,0.030946984543549022,0.3190402344881648,1.0,0.0,1.8532943636373973,1.0,1,,True
372,IRON41-SHRE4A,,171,334,15.129,0.02559323154207152,0.30764756428052087,1.0,0.0,3.322650798359259,1.0,1,,True
373,IVER21-NHYD2A,,172,254,13.63,0.03329053558327219,0.19358446441672778,1.0,0.0,0.8796718644735989,1.0,1,,True
374,IVER21-WWEY22,,172,455,25.994,0.028365920981765023,0.3080975417404016,1.0,0.0,2.015477302851205,1.0,1,,True
375,IVER22-NHYD2B,,173,255,13.63,0.03329053558327219,0.19358446441672778,1.0,0.0,0.8796718644735989,1.0,1,,True
376,IVER22-WATS21,,173,416,14.364,0.033853296435533274,0.31642039125591753,1.0,0.0,1.6291774864713908,1.0,1,,True
377,IVER22-WATS22,,173,417,14.317,0.033911608577215896,0.31677245582175034,1.0,0.0,1.6291774864713908,1.0,1,,True
378,IVER2A-LALE21,,174,202,17.588,0.028206731862633616,0.30713519160791447,1.0,0.0,1.7656420955186078,1.0,1,,True
379,JORD21-NORL2B,,177,258,2.843,0.02899446007738304,0.19125703482237075,1.0,0.0,0.8796718644735989,1.0,1,,True
380,KEAD42-WBUR42,,179,420,28.425,0.017336851363236587,0.2782902374670185,1.0,0.0,3.7065887272747946,1.0,1,,True
381,KEAD43-KILL41,,180,190,41.067,0.015701171256726813,0.28616650838873064,1.0,0.0,4.230534096433965,1.0,1,,True
382,KEAD43-WBUR41,,180,419,28.266,0.01737776834359301,0.27827071393193237,1.0,0.0,4.5610671254627535,1.0,1,,True
383,KEAR21-WHGA21,,183,424,14.75,0.0341978813559322,0.31829152542372885,1.0,0.0,1.7530453623757878,1.0,1,,True
384,KEAR21-WHGA21,,183,424,14.638,0.034356213280502805,0.3191253074190463,1.0,0.0,0.44718402657011114,1.0,1,,True
385,KEAR41-PADI41,,184,271,39.101,0.023201452648269866,0.29854990920948316,1.0,0.0,3.0079949017292336,1.0,1,,True
386,KEMS41-LOFI4A,,185,216,38.035,0.026207440515314845,0.30540291836466416,1.0,0.0,4.236307599124424,1.0,1,,True
387,KEMS41-LOFI4B,,185,217,37.572,0.026274885553071434,0.30558926860427976,1.0,0.0,4.236307599124424,1.0,1,,True
388,KENG41-SJOW41,,188,340,4.769,0.010736003355001049,0.18922205913189347,1.0,0.0,1.8735016230540043,1.0,1,,True
389,KENG41-SJOW41,,188,340,4.756,0.010765349032800672,0.18906644238856182,1.0,0.0,1.8735016230540043,1.0,1,,True
390,KENG41-WIMB41,,188,442,12.329,0.01103090274961473,0.20206018330764863,1.0,0.0,2.497039913623596,1.0,1,,True
391,KENG41-WIMB41,,188,442,12.2,0.01101639344262295,0.2020983606557377,1.0,0.0,2.497039913623596,1.0,1,,True
392,KENG41-WISD41,,188,445,2.939,0.010888057162300104,0.1889077917659068,1.0,0.0,2.497039913623596,1.0,1,,True
393,KENG41-WISD42,,188,446,2.989,0.010705921712947476,0.18895951823352292,1.0,0.0,2.497039913623596,1.0,1,,True
394,KIBY21-LISD21,,189,211,10.239,0.012777737083699578,0.2190680242211153,1.0,0.0,1.599785109138144,1.0,1,,True
395,KIBY21-LISD21,,189,211,9.518,0.018115675562092873,0.15954507249422148,1.0,0.0,1.599785109138144,1.0,1,,True
396,KIBY21-RAIN21,,189,295,11.236,0.017364943040227836,0.2542819953720185,1.0,0.0,2.8111709463726706,1.0,1,,True
397,KIBY21-RAIN21,,189,295,11.236,0.017364943040227836,0.2542819953720185,1.0,0.0,2.8111709463726706,1.0,1,,True
398,KIBY21-WASF2A,,189,414,10.945,0.028605527638190954,0.30940954773869345,1.0,0.0,3.0673045202766778,1.0,1,,True
399,KIBY21-WASF2B,,189,415,10.978,0.028588426853707417,0.309375,1.0,0.0,3.0673045202766778,1.0,1,,True
400,KILL41-SHBA41,,190,332,17.05,0.01679765395894428,0.294099706744868,1.0,0.0,3.9259818295122435,1.0,1,,True
401,KINO41-NFLE41,,191,253,23.626,0.019233048336578348,0.2855159569965292,1.0,0.0,4.236307599124424,1.0,1,,True
402,KINO41-SING41,,191,337,17.685,0.017370653095843937,0.2782923381396664,1.0,0.0,3.9663963483454574,1.0,1,,True
403,KINO41-TILB41,,191,383,17.313,0.016727314734592505,0.26735978744296196,1.0,0.0,2.891081472247435,1.0,1,,True
404,KIRK2A-SKLG21,,193,341,8.608,0.01282673094795539,0.21102608039033455,1.0,0.0,1.599785109138144,1.0,1,,True
405,KITW21-OCKH21,,194,264,13.959999999999999,0.028440633954154727,0.3111134491404012,1.0,0.0,1.6207796643761776,1.0,1,,True
406,KITW21-OLDB21,,194,267,8.301,0.027422147933983856,0.3022813516443802,1.0,0.0,1.400336834376827,1.0,1,,True
407,KNAR21-MONF21,,195,242,38.672,0.05311271721141912,0.3463668804302855,1.0,0.0,1.0770206837111127,1.0,1,,True
408,KNAR21-POPP21,,195,290,49.192,0.05071696109123435,0.3574938506261181,1.0,0.0,1.0749212281873095,1.0,1,,True
409,LACK21-TODP21,,196,388,5.965,0.02687761944677284,0.3140370913663034,1.0,0.0,2.796474757706047,1.0,1,,True
410,LACK41-SALH41,,200,323,10.487,0.02807285210260322,0.3088013731286354,1.0,0.0,2.510030294677129,1.0,1,,True
411,LACK41-THTO41,,200,377,97.775,0.017296855024290462,0.27061314241881873,1.0,0.0,3.490082376382575,1.0,1,,True
412,LACK41-THTO42,,200,378,97.775,0.017296855024290462,0.27061314241881873,1.0,0.0,3.490082376382575,1.0,1,,True
413,LAGA41-LAND41,,201,203,21.224,0.025555974368639277,0.30765171503957783,1.0,0.0,3.3587351901746287,1.0,1,,True
414,LAGA41-LAND42,,201,204,21.355,0.02554905174432217,0.30778740341840316,1.0,0.0,1.8532943636373973,1.0,1,,True
415,LALE21-WWEY2A,,202,456,8.395,0.028556432400238238,0.30934633710541987,1.0,0.0,2.54663955037345,1.0,1,,True
416,LEGA41-TREU4A,,205,398,12.119,0.01782325274362571,0.30576780262397885,1.0,0.0,3.9259818295122435,1.0,1,,True
417,LEGA41-TREU4B,,205,399,12.119,0.01782325274362571,0.30576780262397885,1.0,0.0,3.9259818295122435,1.0,1,,True
418,LEGA4A-SHRE4A,,206,334,46.944,0.025562372188139056,0.3077027948193592,1.0,0.0,2.8896380965748203,1.0,1,,True
419,LEIB4A-SUND42,,208,362,13.455,0.014150873281308067,0.27481233742103306,1.0,0.0,3.7065887272747946,1.0,1,,True
420,LEIB4B-SUND41,,209,361,13.455,0.014150873281308067,0.27481233742103306,1.0,0.0,3.7065887272747946,1.0,1,,True
421,LEIS4A-SIZE41,,210,338,13.455,0.1,0.0167670011148272,1.0,0.0,3.708032102947409,1.0,1,,True
422,LITT41-LITT41,,215,215,13.455,0.1,0.014031958379784467,1.0,0.0,2.977684012604323,1.0,1,,True
423,LITT41-LOFI4A,,215,216,8.152,0.02492639842983317,0.30814524043179586,1.0,0.0,4.399409050129896,1.0,1,,True
424,LITT41-LOFI4B,,215,217,8.152,0.02492639842983317,0.30814524043179586,1.0,0.0,4.399409050129896,1.0,1,,True
425,LITT41-WTHU4E,,215,452,3.7,0.01772972972972973,0.24864864864864866,1.0,0.0,2.7178763915336597,1.0,1,,True
426,LITT41-WTHU4F,,215,453,3.7,0.01772972972972973,0.24864864864864866,1.0,0.0,2.7178763915336597,1.0,1,,True
427,LOFI4A-ROWD4A,,216,309,26.714,0.03449876469267051,0.32025155349255074,1.0,0.0,2.165063508922193,1.0,1,,True
428,LOFI4B-ROWD4B,,217,310,26.714,0.03449876469267051,0.32025155349255074,1.0,0.0,2.165063508922193,1.0,1,,True
429,LOVE41-NURS41,,218,262,36.477,0.01736984949420183,0.27826849795761716,1.0,0.0,3.7065887272747946,1.0,1,,True
430,LOVE41-NURS4A,,218,263,36.477,0.01736984949420183,0.27826849795761716,1.0,0.0,3.7065887272747946,1.0,1,,True
431,MACC41-STAL4B,,220,351,31.196,0.03179894858315168,0.31645082702910626,1.0,0.0,2.348372219344272,1.0,1,,True
432,MAGA21-PYLE21,,221,292,6.238,0.025580113818531577,0.3075675296569413,1.0,0.0,2.340892909040723,1.0,1,,True
433,MANN41-NURS4A,,222,263,39.823,0.016713959269768725,0.25982974662883257,1.0,0.0,3.7065887272747946,1.0,1,,True
434,MAWO41-NURS41,,227,262,7.441,0.019997312189221877,0.27544684854186263,1.0,0.0,3.3587351901746287,1.0,1,,True
435,MEDB4A-STEW41,,228,355,7.0,0.014171428571428571,0.2747428571428571,1.0,0.0,4.800667487116809,1.0,1,,True
436,MEDB4A-STWB4R,,228,360,87.852,0.014187497154304967,0.27480763101579925,1.0,0.0,4.800667487116809,1.0,1,,True
437,MEDB4B-STEW41,,229,355,7.0,0.014171428571428571,0.2747428571428571,1.0,0.0,4.800667487116809,1.0,1,,True
438,MEDB4B-STWB4Q,,229,359,87.852,0.014187497154304967,0.27480763101579925,1.0,0.0,4.800667487116809,1.0,1,,True
439,MELK41-MITY41,,233,241,28.101,0.029095049998220705,0.31833742571438745,1.0,0.0,2.9098453559914272,1.0,1,,True
440,MELK41-MITY41,,233,241,28.052,0.02908883502067589,0.3183231142164552,1.0,0.0,2.9098453559914272,1.0,1,,True
441,MELK41-SAFO41,,233,321,94.2,0.025205944798301485,0.29292569002123137,1.0,0.0,2.758290910366874,1.0,1,,True
442,MELK41-SEAB41,,233,325,53.558,0.01786474476268718,0.28234064005377346,1.0,0.0,3.4944125034004196,1.0,1,,True
443,MIDL41-QUER4A,,234,293,9.704,0.014179719703215167,0.2748557295960428,1.0,0.0,4.5610671254627535,1.0,1,,True
444,MILL41-MILL4A,,237,239,9.704,0.1,0.011211871393239899,1.0,0.0,0.5080682367604079,1.0,1,,True
445,MILL42-MILL4B,,238,240,9.704,0.1,0.011211871393239899,1.0,0.0,0.5080682367604079,1.0,1,,True
446,MILL4A-SUND41,,239,361,13.75,0.02909090909090909,0.3183709090909091,1.0,0.0,2.758290910366874,1.0,1,,True
447,MILL4B-SUND42,,240,362,14.955,0.027174857907054498,0.2971046472751588,1.0,0.0,2.758290910366874,1.0,1,,True
448,MONF22-POPP21,,243,290,37.84,0.04156976744186046,0.4003888081395348,1.0,0.0,1.3205575244723,1.0,1,,True
449,MONF41-PADI41,,244,271,87.848,0.01937892723795647,0.29662143702759314,1.0,0.0,3.4568847359124346,1.0,1,,True
450,NECT4A-NORM41,,248,259,37.492,0.014168355915928731,0.27483196415235256,1.0,0.0,4.800667487116809,1.0,1,,True
451,NECT4A-WALP41,,248,408,41.619,0.014185828587904566,0.2747975684182705,1.0,0.0,4.76169634395621,1.0,1,,True
452,NECT4B-NORM41,,249,259,37.492,0.014168355915928731,0.27483196415235256,1.0,0.0,4.7025179413790035,1.0,1,,True
453,NECT4B-WALP41,,249,408,41.619,0.014185828587904566,0.2747975684182705,1.0,0.0,4.5610671254627535,1.0,1,,True
454,NEEP21-PITS21,,250,289,4.8260000000000005,0.03353450062163282,0.21593711147948613,1.0,0.0,0.8796718644735989,1.0,1,,True
455,NEEP21-SHEC21,,250,333,5.279,0.033521973858685356,0.2140249100208373,1.0,0.0,0.8796718644735989,1.0,1,,True
456,NEEP4A-STSB4B,,251,358,12.801,0.03449730489805484,0.3283493477072104,1.0,0.0,3.7065887272747946,1.0,1,,True
457,NEWX21-WIMB21,,252,440,13.629,0.015148305084745767,0.17317897497982246,1.0,0.0,1.7362497181853611,1.0,1,,True
458,NEWX21-WIMB21,,252,440,13.629,0.015148305084745767,0.17317897497982246,1.0,0.0,1.7194540739949344,1.0,1,,True
459,NFLE41-SING41,,253,337,5.941,0.025046288503618917,0.30701902036694156,1.0,0.0,3.9663963483454574,1.0,1,,True
460,NFLE41-WTHU4A,,253,448,7.511,0.02918386366662229,0.3182532285980562,1.0,0.0,2.7525174076764145,1.0,1,,True
461,NFLE41-WTHU4B,,253,449,7.511,0.02918386366662229,0.3182532285980562,1.0,0.0,2.7525174076764145,1.0,1,,True
462,NORL2A-SHEC21,,257,333,4.372,0.033211344922232384,0.19355986962488564,1.0,0.0,0.8796718644735989,1.0,1,,True
463,NORL2B-PITS21,,258,289,10.751,0.03327190493907544,0.19358199237280255,1.0,0.0,0.8796718644735989,1.0,1,,True
464,NORT21-SALH21,,260,322,12.178,0.028814255214320898,0.32664435867958613,1.0,0.0,2.714595992277717,1.0,1,,True
465,NORT41-OSBA41,,261,269,83.839,0.02160331110819547,0.30401125967628434,1.0,0.0,2.758290910366874,1.0,1,,True
466,NORT41-OSBA42,,261,270,83.839,0.02160331110819547,0.30401125967628434,1.0,0.0,2.758290910366874,1.0,1,,True
467,NORT41-SALH42,,261,324,12.206,0.02883827625757824,0.32665902015402265,1.0,0.0,2.510030294677129,1.0,1,,True
468,NORT41-SPEN41,,261,343,23.134,0.019088787066655136,0.28093714878533754,1.0,0.0,3.4944125034004196,1.0,1,,True
469,NORT41-SPEN42,,261,344,23.134,0.019088787066655136,0.28093714878533754,1.0,0.0,3.4944125034004196,1.0,1,,True
470,OCKH21-WIEN2A,,264,432,4.906000000000001,0.03329596412556053,0.31137892376681614,1.0,0.0,1.4108341119958436,1.0,1,,True
471,OCKH2A-WIEN2B,,265,433,4.67,0.03449277301927195,0.32015123126338324,1.0,0.0,1.5955861980905375,1.0,1,,True
472,OFFE21-WBOL21,,266,418,8.207,0.030132051906908736,0.3138525039600341,1.0,0.0,2.280008698850426,1.0,1,,True
473,OSBA41-THTO43,,269,379,16.79,0.017343656938653963,0.2782608695652174,1.0,0.0,3.7065887272747946,1.0,1,,True
474,OSBA42-THTO41,,270,377,16.79,0.017343656938653963,0.2782608695652174,1.0,0.0,3.7065887272747946,1.0,1,,True
475,PADI41-PEWO4B,,271,288,37.608,0.023654541586896404,0.2998936396511381,1.0,0.0,3.0079949017292336,1.0,1,,True
476,PELH41-RYEH4A,,274,315,23.015,0.017379969585053227,0.27828807299587227,1.0,0.0,3.7065887272747946,1.0,1,,True
477,PELH41-RYEH4B,,274,316,23.439,0.017338623661419,0.27830538845513886,1.0,0.0,3.708032102947409,1.0,1,,True
478,PELH41-SUND42,,274,362,45.13,0.01726567693330379,0.2666075781076889,1.0,0.0,4.330127017844386,1.0,1,,True
479,PELH41-WYMO41,,274,460,26.856,0.017277330950253203,0.2662496276437295,1.0,0.0,3.999593988815598,1.0,1,,True
480,PEMB41-SWAN41,,275,365,84.697,0.017360709352161233,0.27828140311935484,1.0,0.0,3.7065887272747946,1.0,1,,True
481,PEMB41-SWAN41,,275,365,83.975,0.017357546888955046,0.27829234891336707,1.0,0.0,3.7065887272747946,1.0,1,,True
482,PEMB41-SWAN42,,275,366,84.57,0.017367860943597022,0.278283079106066,1.0,0.0,3.7065887272747946,1.0,1,,True
483,PEMB41-WALH41,,275,407,223.195,0.01700396514258832,0.2728591590313403,1.0,0.0,3.7065887272747946,1.0,1,,True
484,PENM4A-PENT41,,276,281,49.211,0.020970921135518485,0.3112149722622991,1.0,0.0,3.7065887272747946,1.0,1,,True
485,PENM4B-PENT41,,277,281,49.211,0.020970921135518485,0.3112149722622991,1.0,0.0,3.7065887272747946,1.0,1,,True
486,PENT41-TRAW41,,281,396,51.408,0.019701213818860874,0.2973856209150327,1.0,0.0,1.6382313884177928,1.0,1,,True
487,PENT41-WYLF41,,281,459,35.24,0.017343927355278094,0.27827468785471055,1.0,0.0,3.7065887272747946,1.0,1,,True
488,PENT41-WYLF41,,281,459,35.24,0.017343927355278094,0.27827468785471055,1.0,0.0,3.7065887272747946,1.0,1,,True
489,PEWO2C-WASF2A,,284,414,23.481,0.028567512031003786,0.3093793918487287,1.0,0.0,3.0673045202766778,1.0,1,,True
490,PEWO2D-WASF2B,,285,415,23.521,0.028583234131201906,0.309399844819523,1.0,0.0,3.0673045202766778,1.0,1,,True
491,PEWO41-QUER4A,,286,293,31.939,0.02494755627915714,0.30698519051942763,1.0,0.0,4.399409050129896,1.0,1,,True
492,PEWO41-QUER4B,,286,294,32.087,0.024932215539003332,0.30696543771620904,1.0,0.0,4.399409050129896,1.0,1,,True
493,PITS21-TEMP21,,289,371,6.69,0.03323430493273543,0.19364069506726458,1.0,0.0,0.8796718644735989,1.0,1,,True
494,PITS21-WIBA21,,289,431,2.324,0.02505647590361446,0.18906250000000002,1.0,0.0,0.9216609749496657,1.0,1,,True
495,PUDM41-WHAM4A,,291,422,2.17,0.014746543778801843,0.1312442396313364,1.0,0.0,1.6396747640904075,1.0,1,,True
496,PYLE21-PYLE21,,292,292,2.17,0.1,0.021955645161290324,1.0,0.0,2.340892909040723,1.0,1,,True
497,RASS41-WALH41,,296,407,78.057,0.016377775215547615,0.2633357674519902,1.0,0.0,3.7065887272747946,1.0,1,,True
498,RATS41-STAY4A,,298,353,43.614,0.02909157609941762,0.3183564910349888,1.0,0.0,2.967580382896019,1.0,1,,True
499,RATS41-STOB41,,298,356,26.898999999999997,0.028967619614112053,0.3167998810364698,1.0,0.0,2.967580382896019,1.0,1,,True
500,RATS41-WILE41,,298,434,21.964000000000002,0.028920050992533232,0.3168821708249863,1.0,0.0,1.889378755452767,1.0,1,,True
501,RATS41-WILE41,,298,434,21.684,0.02907212691385353,0.31831765356945213,1.0,0.0,2.758290910366874,1.0,1,,True
502,RAYL41-TILB4A,,299,384,20.499,0.024898775550026828,0.3069808283330894,1.0,0.0,3.068616679979055,1.0,1,,True
503,REBR21-TOTT23,,300,391,12.983,0.009669375336979128,0.11807122775937766,1.0,0.0,2.366086375326363,1.0,1,,True
504,REBR22-TOTT24,,301,392,14.753,0.008919372331051311,0.11026189588558259,1.0,0.0,2.366086375326363,1.0,1,,True
505,RHIG41-SWAN41,,302,365,34.34,0.01737914967967385,0.27829935934769945,1.0,0.0,3.7065887272747946,1.0,1,,True
506,ROCH21-STAL21,,304,349,31.256,0.02988126279754287,0.31896735826721273,1.0,0.0,2.645313959992207,1.0,1,,True
507,ROCH21-WHGA21,,304,424,11.746,0.034123318576536686,0.31766878086156985,1.0,0.0,1.7656420955186078,1.0,1,,True
508,ROCH21-WHGA21,,304,424,11.727,0.03411411699496888,0.3178610258378102,1.0,0.0,0.8796718644735989,1.0,1,,True
509,RYEH41-RYEH4B,,312,316,11.727,0.1,0.0032744947556919927,1.0,0.0,3.708032102947409,1.0,1,,True
510,RYEH41-WALX4A,,312,411,5.324,0.017430503380916604,0.2782870022539444,1.0,0.0,3.7065887272747946,1.0,1,,True
511,RYEH4A-RYEH43,,315,314,5.324,0.1,0.015326821938392188,1.0,0.0,3.708032102947409,1.0,1,,True
512,RYEH4A-WALX4B,,315,412,5.461,0.01728621131660868,0.27833730086064823,1.0,0.0,3.7065887272747946,1.0,1,,True
513,RYEH4B-RYEH42,,316,313,5.461,0.1,0.012012451931880608,1.0,0.0,3.708032102947409,1.0,1,,True
514,SAEN21-SAES21,,319,320,5.461,0.0018002655191356892,0.024926753341878775,1.0,0.0,3.493493991608756,1.0,1,,True
515,SEAB41-WHSO4A,,325,430,34.315999999999995,0.01743792982865136,0.2731320666744376,1.0,0.0,2.0553669578034683,1.0,1,,True
516,SELL4A-SELL4C,,326,328,34.315999999999995,0.1,0.0006061312507285232,1.0,0.0,3.41935696842445,1.0,1,,True
517,SELL4A-SELL4D,,326,329,34.315999999999995,0.1,0.0006061312507285232,1.0,0.0,3.41935696842445,1.0,1,,True
518,SELL4A-SELL4E,,326,330,34.315999999999995,0.1,0.0010257605781559625,1.0,0.0,3.41935696842445,1.0,1,,True
519,SELL4A-SELL4F,,326,331,34.315999999999995,0.1,0.0010257605781559625,1.0,0.0,3.41935696842445,1.0,1,,True
520,SELL4B-SELL4C,,327,328,34.315999999999995,0.1,0.00228464856043828,1.0,0.0,4.800667487116809,1.0,1,,True
521,SELL4B-SELL4D,,327,329,34.315999999999995,0.1,0.00228464856043828,1.0,0.0,4.800667487116809,1.0,1,,True
522,SELL4B-SELL4E,,327,330,34.315999999999995,0.1,0.0034969110618953262,1.0,0.0,4.800667487116809,1.0,1,,True
523,SELL4B-SELL4F,,327,331,34.315999999999995,0.1,0.0034969110618953262,1.0,0.0,4.800667487116809,1.0,1,,True
524,SHRE4A-SHRE4B,,334,335,34.315999999999995,0.1,0.0004662548082527102,1.0,0.0,0.3464101614275509,1.0,1,,True
525,SHUR41-TAUN41,,336,369,27.0,0.02885925925925926,0.318162962962963,1.0,0.0,4.402295801475126,1.0,1,,True
526,SPEN41-STEW41,,343,355,37.921,0.0210121041111785,0.31163735133567155,1.0,0.0,3.391932830644769,1.0,1,,True
527,SPEN42-STEW41,,344,355,37.795,0.021039820082021432,0.31191427437491737,1.0,0.0,3.391932830644769,1.0,1,,True
528,SPLN41-WALP41,,345,408,29.234,0.01488677567216255,0.280057467332558,1.0,0.0,4.421059685219118,1.0,1,,True
529,SSHI22-TYNE2A,,346,401,7.028,0.03335764086511099,0.32120179994308484,1.0,0.0,2.4689596959927265,1.0,1,,True
530,SSHI22-WBOL21,,346,418,4.366,0.03464269354099863,0.3200984883188273,1.0,0.0,2.3513901866597395,1.0,1,,True
531,STAL4A-THOM41,,350,375,76.223,0.01664589428387757,0.26715295908059244,1.0,0.0,1.6901929126319253,1.0,1,,True
532,STAL4B-STSB4A,,351,357,33.612,0.016422706176365584,0.2532428894442461,1.0,0.0,2.205478027755407,1.0,1,,True
533,STAY41-MARH4A,,352,225,73.027,0.02909608774836704,0.31832609856628374,1.0,0.0,3.5203932655074857,1.0,1,,True
534,SUND41-WYMO41,,361,460,18.156,0.01727252698832342,0.2661379158404935,1.0,0.0,4.330127017844386,1.0,1,,True
535,SWAN41-SWAN4B,,365,368,18.156,0.001233751927737387,0.01128001762502754,1.0,0.0,4.399409050129896,1.0,1,,True
536,SWAN42-SWAN4A,,366,367,18.156,0.001233751927737387,0.01128001762502754,1.0,0.0,1.8532943636373973,1.0,1,,True
537,TEMP22-WIBA21,,372,431,3.607,0.03333622123648461,0.19351781258663706,1.0,0.0,0.8838707755212056,1.0,1,,True
538,THOM21-WMEL21,,373,447,24.738,0.03378026720025871,0.3224563424690759,1.0,0.0,1.603984020185751,1.0,1,,True
539,THOM2A-WMEL21,,374,447,25.213,0.033773747669852854,0.32373006980525915,1.0,0.0,1.8517197719945448,1.0,1,,True
540,THUR21-THUR2A,,380,381,4.653,0.07931442080378251,0.3159574468085106,1.0,0.0,1.0749212281873095,1.0,1,,True
541,THUR2A-WMEL21,,381,447,16.348,0.03450957303645706,0.3283960576217274,1.0,0.0,1.8517197719945448,1.0,1,,True
542,TILB21-WARL21,,382,413,13.065,0.03455654420206659,0.3200966322234979,1.0,0.0,2.349290731135936,1.0,1,,True
543,TILB21-WARL21,,382,413,12.897,0.03459622392804528,0.32010302783593086,1.0,0.0,2.225422855231539,1.0,1,,True
544,TILB41-TILB4A,,383,384,12.897,0.1,0.0014887183065829261,1.0,0.0,4.399409050129896,1.0,1,,True
545,TILB41-TILB4B,,383,385,12.897,0.1,0.0013646584477010157,1.0,0.0,4.399409050129896,1.0,1,,True
546,TRAW41-TREU4A,,396,398,64.278,0.024941659665826565,0.3069915056473444,1.0,0.0,4.399409050129896,1.0,1,,True
547,TRAW41-TREU4B,,396,399,64.278,0.024941659665826565,0.3069915056473444,1.0,0.0,4.399409050129896,1.0,1,,True
548,TREM21-USKM2A,,397,405,15.048,0.04291849415204679,0.3565652412280702,1.0,0.0,1.3457509907579401,1.0,1,,True
549,TYNE21-WBOL21,,400,418,11.399,0.033835204842530046,0.3207710106149662,1.0,0.0,2.3513901866597395,1.0,1,,True
550,USKM21-USKM2A,,404,405,11.399,0.002521054478463023,0.023883674006491797,1.0,0.0,1.3478504462817436,1.0,1,,True
551,USKM21-USKM2B,,404,406,11.399,0.0025873980173699448,0.011079370997455918,1.0,0.0,1.3205575244723,1.0,1,,True
552,USKM21-WHSO21,,404,425,5.841,0.0446680790960452,0.31086393596986817,1.0,0.0,2.007079480755992,1.0,1,,True
553,USKM21-WHSO22,,404,426,5.849,0.044606984099846134,0.31095593263805776,1.0,0.0,2.007079480755992,1.0,1,,True
554,USKM2A-WHSO21,,405,425,5.562,0.041605987055016176,0.39294543329737497,1.0,0.0,1.3457509907579401,1.0,1,,True
555,USKM2B-WHSO22,,406,426,5.851,0.041618954024953,0.39292428644676125,1.0,0.0,1.3205575244723,1.0,1,,True
556,WHSO41-WHSO4A,,429,430,5.851,0.1,0.0035549478721586055,1.0,0.0,1.3221321161151525,1.0,1,,True
